<?xml version="1.0" encoding="UTF-8"?>
<Configuration>

	<Properties>
		<Property name="Format">%d{HH:mm:ss,SSS} %-5p [%c{1}.%M(%F:%L)] - %m%n</Property>
		<Property name="FN_server">gudab</Property>
	</Properties>

	<!--
	<filter  ... />
	-->
	
	<Loggers>
		<Root level="info">
			<AppenderRef ref="FileExport_All"/>
		</Root>
		<Logger name="com.tp" level="info" additivity="true">
			<AppenderRef ref="ConsoleExport" />
		</Logger>
	</Loggers>

	<Appenders>
	
		<Console name="ConsoleExport" target="SYSTEM_OUT">
			<PatternLayout pattern="${log4j:Format}"/>
		</Console>
		
		<RollingFile name="FileExport_All"
					fileName="${env:env.gudab.home}/logs/${log4j:FN_server}.log"
					filePattern="${env:env.gudab.home}/logs/${log4j:FN_server}.%d{yyyy-MM-dd}-%i.log">
			<PatternLayout>
				<Pattern>${log4j:Format}</Pattern>
			</PatternLayout>
			<Policies>
				<TimeBasedTriggeringPolicy interval="3" modulate="true" />
				<SizeBasedTriggeringPolicy size="256 MB" />
			</Policies>
		</RollingFile>
		
	</Appenders>

</Configuration>